{"cameraMode":{"drawMode":0,"name":"Shaded","section":"Shading Mode"},"sceneLighting":true,"audioPlay":false,"sceneViewState":{"m_AlwaysRefresh":false,"showFog":true,"showSkybox":true,"showFlares":true,"showImageEffects":true,"showParticleSystems":true,"showVisualEffectGraphs":true,"m_FxEnabled":true},"in2DMode":false,"pivot":{"x":-0.7755692005157471,"y":0.9104905128479004,"z":-1.4268760681152344},"rotation":{"x":0.009506883099675179,"y":-0.9682261943817139,"z":0.24757301807403565,"w":0.03948112949728966},"size":10.817692756652832,"orthographic":false}