{"cameraMode":{"drawMode":0,"name":"Shaded","section":"Shading Mode"},"sceneLighting":true,"audioPlay":false,"sceneViewState":{"m_AlwaysRefresh":false,"showFog":true,"showSkybox":true,"showFlares":true,"showImageEffects":true,"showParticleSystems":true,"showVisualEffectGraphs":true,"m_FxEnabled":true},"in2DMode":false,"pivot":{"x":0.16130533814430238,"y":11.865814208984375,"z":-5.117005825042725},"rotation":{"x":0.056367434561252597,"y":-0.010473974980413914,"z":0.0007276005344465375,"w":0.9984365701675415},"size":2.485752820968628,"orthographic":false}