{"cameraMode":{"drawMode":0,"name":"Shaded","section":"Shading Mode"},"sceneLighting":false,"audioPlay":false,"sceneViewState":{"m_AlwaysRefresh":false,"showFog":true,"showSkybox":false,"showFlares":true,"showImageEffects":true,"showParticleSystems":true,"showVisualEffectGraphs":true,"m_FxEnabled":true},"in2DMode":false,"pivot":{"x":-3.1246955394744875,"y":16.579814910888673,"z":2.8214111328125},"rotation":{"x":0.13590919971466065,"y":-0.003388595301657915,"z":0.0010768261272460223,"w":0.9908832311630249},"size":10.365019798278809,"orthographic":false}